system:index,TCB,blue,green,ndvi,nir,presence,red,swir1,swir2,.geo
492_0,0.4016109850242734,0.13558024,0.12846722,0.10429449,0.1728222,0.0,0.14017801,0.29268888,0.22756277,
491_0,0.29918573139086363,0.10845337,0.094146185,0.002140096,0.0949846,0.0,0.094578914,0.32782128,0.12459967,
504_0,0.3868140931650997,0.13439023,0.124464445,0.09916828,0.16262597,0.0,0.13328135,0.28419653,0.22507456,
493_0,0.269154339376837,0.10442356,0.08789862,-0.03005659,0.07418643,0.0,0.078784205,0.32725334,0.09955533,
506_0,0.6968003749072552,0.222965,0.23481102,0.099752374,0.3363407,0.0,0.27532554,0.39870816,0.3641978,
499_0,0.31738092052713035,0.11096863,0.093551174,-0.13840546,0.07029185,0.0,0.09287503,0.44909436,0.10358514,
495_0,0.49021609660834076,0.15045539,0.14399147,0.08514295,0.18785964,0.0,0.1583798,0.44714704,0.28041014,
494_0,0.22455563380494714,0.10280082,0.08424745,0.028920552,0.06831751,0.0,0.06447702,0.16706148,0.18017866,
505_0,0.3180427384287119,0.1392855,0.12954904,0.035807535,0.13417387,0.0,0.124897175,0.173877,0.15361974,
513_0,0.3834824519425631,0.13736525,0.13098247,0.092171356,0.16167937,0.0,0.13439023,0.2682125,0.2175829,
511_0,0.378712684649229,0.14226054,0.13382226,0.076119944,0.15332223,0.0,0.13163157,0.2464407,0.24438521,
512_0,0.3782788111925125,0.1367973,0.130712,0.09551583,0.16254483,0.0,0.13420092,0.2482798,0.2213152,
514_0,0.41747587053477764,0.1424769,0.13617525,0.11339338,0.17885341,0.0,0.14242281,0.27594757,0.27870625,
498_0,0.3843157363831997,0.1304145,0.12173282,0.065219544,0.1473181,0.0,0.12927859,0.34288576,0.19083467,
497_0,0.34211614373996857,0.121246,0.11140136,0.10411937,0.1380955,0.0,0.11205046,0.26848295,0.19962452,
496_0,0.29682563031464815,0.12146237,0.107750185,-0.012423983,0.101042844,0.0,0.10358514,0.26410156,0.1279804,
502_0,0.36701032943725587,0.13414682,0.124221034,0.073449716,0.14723696,0.0,0.12708788,0.26488587,0.21915154,
503_0,0.36592127268463376,0.13639161,0.12689856,0.08178734,0.14666899,0.0,0.12449149,0.24238382,0.24576455,
472_0,0.4116614841893316,0.14004278,0.13487706,0.124438986,0.18634507,0.0,0.14510034,0.2717014,0.23862447,
476_0,0.4164524068981409,0.13942073,0.13333544,0.1209401,0.18575007,0.0,0.1456683,0.28800997,0.24076109,
474_0,0.37405288960933686,0.13598593,0.12852131,0.08136533,0.1529436,0.0,0.12992768,0.26734704,0.21596014,
501_0,0.4237732032343745,0.14769673,0.14215235,0.097568996,0.18071957,0.0,0.14858924,0.2704032,0.27870625,
479_0,0.28808247799128295,0.10991384,0.09387572,-0.060847394,0.07973081,0.0,0.090062276,0.33412296,0.11589095,
489_0,0.38067239179164175,0.13198316,0.12395058,0.097100325,0.15553999,0.0,0.12800744,0.2904982,0.22323546,
477_0,0.4205277535244823,0.16535759,0.1612196,0.05348363,0.18831941,0.0,0.16919808,0.24617024,0.17901568,
461_0,0.12554595278841446,0.097553946,0.07921694,-0.24893114,0.042759296,0.0,0.07110322,0.02390842,0.0060041468,
478_0,0.36057907436341047,0.1285754,0.11937985,0.070180945,0.13836595,0.0,0.12021827,0.2796258,0.22350591,
460_0,0.4749353584378958,0.15935344,0.15816343,0.090372615,0.21487832,0.0,0.17925909,0.2786251,0.2917423,
481_0,0.5925258607968689,0.18120639,0.18534438,0.11054679,0.28976795,0.0,0.2320794,0.34861946,0.32554945,
482_0,0.3840333645582199,0.13222657,0.12562741,0.09207394,0.16135482,0.0,0.13414682,0.2837638,0.21449968,
462_0,0.28120192337259653,0.10472106,0.08700611,-0.09803209,0.06693818,0.0,0.08148878,0.37544882,0.0994201,
463_0,0.26859901212230325,0.10474811,0.0864111,-0.10375604,0.065180205,0.0,0.08027172,0.34907925,0.08881817,
464_0,0.3080895328335464,0.12078623,0.10491038,-2.700501E-4,0.100123286,0.0,0.10017738,0.30864587,0.1326593,
458_0,0.4207336475208402,0.13877164,0.13203725,0.068135,0.16132778,0.0,0.14074598,0.36728102,0.22742754,
480_0,0.4188113095894456,0.17374177,0.16527645,0.057925656,0.18745396,0.0,0.16692625,0.2343242,0.18047616,
475_0,0.41322388478666544,0.14163849,0.13466069,0.121504664,0.18223412,0.0,0.14274736,0.26726592,0.26629224,
486_0,0.3562892488084734,0.12400467,0.11699983,0.075033575,0.14085416,0.0,0.12119191,0.29331094,0.1861287,
471_0,0.40953503671586516,0.14109758,0.13474183,0.11334762,0.18250458,0.0,0.14534375,0.27180958,0.23754264,
473_0,0.4007920249223709,0.13517456,0.12800744,0.12968898,0.17633815,0.0,0.1358507,0.28633314,0.23543307,
459_0,0.30190240286588665,0.106965855,0.0861136,-0.25985554,0.04849299,0.0,0.08254357,0.4840104,0.08511291,
465_0,0.2927123837552965,0.10839928,0.09071138,-0.13291463,0.06907479,0.0,0.090251595,0.39091897,0.09211775,
483_0,0.5029689721047879,0.17084788,0.1709831,0.096532606,0.2296453,0.0,0.18921192,0.30101898,0.28906476,
470_0,0.36770332480371004,0.13027927,0.12338261,0.08043243,0.1473181,0.0,0.125384,0.26767159,0.22721118,
468_0,0.45925540909022095,0.14937356,0.1500497,0.108843535,0.20278887,0.0,0.16297756,0.32360217,0.25533873,
469_0,0.3662997571319342,0.12730424,0.11867666,0.051348817,0.13649979,0.0,0.12316625,0.31813893,0.19608153,
467_0,0.37090712695866823,0.13030632,0.12484308,0.09168034,0.15313292,0.0,0.12741242,0.25926036,0.23051076,
484_0,0.4296113961368799,0.14345054,0.14112462,0.10830705,0.18529029,0.0,0.14907606,0.29617777,0.26215425,
466_0,0.4310896862223744,0.13503933,0.13498524,0.12679166,0.19348516,0.0,0.14994152,0.30277693,0.25566328,
487_0,0.32664884286969903,0.11997485,0.10888611,0.022743423,0.11675641,0.0,0.11156363,0.2977194,0.15283541,
488_0,0.2952481464222073,0.113240466,0.09909555,-0.021974865,0.092685714,0.0,0.09685075,0.2999642,0.13238885,
485_0,0.39297648053914314,0.13825777,0.13160452,0.09724366,0.16311279,0.0,0.13420092,0.27186367,0.2488207,
500_0,0.3679104204654694,0.12505946,0.11867666,0.13161159,0.1605705,0.0,0.12322034,0.27313483,0.20598027,
446_0,0.5773480308607221,0.1839921,0.18999626,0.0761676,0.26672497,0.0,0.22896914,0.32024848,0.35216245,
442_0,0.4030754111126066,0.13276748,0.12879176,0.08944242,0.166196,0.0,0.13890687,0.32365626,0.21339081,
443_0,0.29842750945314767,0.11786529,0.10369332,-0.00289092,0.1026115,0.0,0.1032065,0.26485884,0.14142212,
447_0,0.5889544585615397,0.20162591,0.20676461,0.06553477,0.26648158,0.0,0.23370215,0.322926,0.3422637,
441_0,0.35628257112577555,0.120245315,0.11102272,0.07077878,0.13052268,0.0,0.11326751,0.33415,0.18959056,
439_0,0.4074056917369366,0.12979245,0.12681742,0.07811514,0.1618146,0.0,0.13836595,0.35684136,0.20560163,
453_0,0.30740181517899035,0.1066954,0.0911982,-0.12638725,0.07131959,0.0,0.091955476,0.4194252,0.108182915,
452_0,0.30691019511818884,0.107642,0.09352413,-0.10395588,0.079027615,0.0,0.09736463,0.38972896,0.10910247,
440_0,0.36869869287908075,0.12578969,0.11783824,0.05403728,0.13768981,0.0,0.12357194,0.32763198,0.19253854,
432_0,0.35577956797629595,0.12235488,0.11313228,0.027173303,0.123193294,0.0,0.11667527,0.33479908,0.19094285,
428_0,0.3951153110444545,0.13017109,0.124951266,0.10821407,0.16438395,0.0,0.13228066,0.2931757,0.24982141,
433_0,0.2927705704391003,0.105911076,0.08892635,-0.10639046,0.06883138,0.0,0.08522109,0.40068248,0.0972294,
434_0,0.30029530323147774,0.10518084,0.0880068,-0.15484111,0.06185358,0.0,0.0845179,0.43876287,0.099636465,
448_0,0.27186648226454857,0.11288887,0.09885214,0.020754194,0.09444369,0.0,0.09060319,0.22591297,0.14266622,
449_0,0.33033650026470424,0.12649287,0.11004907,-0.06681009,0.09387572,0.0,0.107317455,0.38080388,0.115485266,
451_0,0.3134283185064793,0.10688472,0.09136047,-0.12328313,0.071644135,0.0,0.0917932,0.44081834,0.104450606,
438_0,0.10871632611388342,0.094633006,0.07526826,-0.24679117,0.034916032,0.0,0.05779672,0.010439646,0.0123869395,
490_0,0.4098004043340683,0.14063779,0.13587774,0.08489989,0.16779171,0.0,0.1415303,0.3066445,0.23562239,
507_0,0.4003137869462371,0.13336249,0.12484308,0.07089446,0.15299769,0.0,0.13274044,0.34050575,0.2328367,
510_0,0.47435679491460325,0.15023902,0.14696649,0.13271692,0.21536514,0.0,0.16489781,0.30975476,0.3085377,
509_0,0.5013210709363222,0.15686522,0.15510726,0.11810175,0.22493933,0.0,0.17741999,0.3575716,0.28627905,
508_0,0.4042571172952652,0.1373382,0.12941381,0.087649405,0.16243665,0.0,0.13625638,0.31529912,0.2404095,
437_0,0.3071044331379235,0.11253728,0.09901442,0.02097711,0.102016486,0.0,0.0978244,0.30107307,0.15754138,
450_0,0.2790627870120108,0.10339582,0.08565382,-0.06918019,0.07077867,0.0,0.08129946,0.35884273,0.10715518,
435_0,0.2657981792002917,0.10077239,0.0826247,-0.17989749,0.054064408,0.0,0.07778352,0.37523246,0.08522109,
436_0,0.46988716785013673,0.1444242,0.1465608,0.12410987,0.20919871,0.0,0.1630046,0.33406886,0.28195173,
427_0,0.34607537914738057,0.12105668,0.112131596,0.07473234,0.13165861,0.0,0.11334865,0.27191776,0.22393864,
429_0,0.40381151135414844,0.13466069,0.12795335,0.11138923,0.16811626,0.0,0.13441728,0.28149197,0.27959874,
455_0,0.3660681574910879,0.11981258,0.11643186,0.12563863,0.16089505,0.0,0.12497831,0.27316186,0.20162591,
454_0,0.3174707474499941,0.10869679,0.09858168,0.044267885,0.11196932,0.0,0.10247627,0.32703698,0.1355532,
431_0,0.4105618631333113,0.13441728,0.13238885,0.104308,0.17609474,0.0,0.1428285,0.30480537,0.22942893,
445_0,0.40726847014427187,0.14234167,0.13782504,0.08870402,0.1893742,0.0,0.15851502,0.23502739,0.22220771,
456_0,0.4091856372281909,0.14269327,0.13833891,0.08511925,0.17049628,0.0,0.14374804,0.26337132,0.27332413,
430_0,0.19663846581876282,0.10885906,0.09325367,-0.047456983,0.06812819,0.0,0.07491667,0.10428833,0.09790554,
444_0,0.4471079181954265,0.15594567,0.15256496,0.09813403,0.19656837,0.0,0.16143596,0.27727282,0.27427074,
457_0,0.4181261562049389,0.15018493,0.1488597,0.060040735,0.17595951,0.0,0.15602681,0.25926036,0.24901004,
289_0,0.09126751082101837,0.08010945,0.061934717,-0.21275072,0.029723253,0.0,0.045788415,0.014361277,0.010006915,
288_0,0.12356603210493923,0.08489654,0.06728977,-0.09756097,0.04302975,0.0,0.05233348,0.044787724,0.046194103,
287_0,0.08426334686456248,0.081029005,0.062340405,-0.24757488,0.024124786,0.0,0.04000063,0.014631735,0.0055173235,
286_0,0.11052413216810672,0.08219197,0.06496384,-0.1978996,0.033049878,0.0,0.049358454,0.04925027,0.022123402,
400_0,0.09174542180278804,0.08454495,0.0686691,-0.3093842,0.025477072,0.0,0.048303667,0.012008299,0.0037323053,
399_0,0.09555181395516266,0.08265175,0.0667759,-0.2978304,0.028884836,0.0,0.053388268,0.0126573965,0.003786397,
397_0,0.0856038636205718,0.0819756,0.06555884,-0.29987562,0.022826592,0.0,0.042380653,0.012954899,0.0044895858,
398_0,0.2823714614450932,0.11010316,0.10077239,0.08216331,0.112564325,0.0,0.09547142,0.18986101,0.17934023,
318_0,0.2986033956758678,0.1129522,0.104265735,0.07481612,0.11913674,0.0,0.10255093,0.19810209,0.1964435,
313_0,0.3034213173776865,0.10983182,0.10117346,0.09386923,0.12087966,0.0,0.10013334,0.20819414,0.2134791,
314_0,0.30456136535257106,0.10896036,0.09855909,0.08831836,0.119164854,0.0,0.09982411,0.21339476,0.22188446,
202_0,0.19563086898624896,0.08945095,0.07176878,0.03088718,0.06614647,1.0,0.062182743,0.18452421,0.07618229,
296_0,0.3585728764772415,0.13555388,0.12650196,0.085467435,0.14834464,0.0,0.124983944,0.23228572,0.22365548,
297_0,0.27459190674275163,0.12492772,0.112361856,0.039049223,0.11182774,0.0,0.10342239,0.15323605,0.14393114,
298_0,0.4501323215290904,0.16720915,0.16557822,0.10007047,0.2020541,0.0,0.16529346,0.26175132,0.2520434,
300_0,0.41224849101901057,0.14828841,0.14086697,0.12074053,0.19231111,0.0,0.15087467,0.25227305,0.22067566,
301_0,0.327325626295805,0.12933533,0.121051244,0.052079212,0.13754176,0.0,0.123924784,0.20024195,0.17626987,
299_0,0.4368979619503021,0.1548103,0.15267383,0.080565676,0.18795381,0.0,0.1599266,0.28100306,0.25078312,
392_0,0.1692325659669936,0.10144749,0.08653456,-0.037982903,0.06536214,0.0,0.07052347,0.07337867,0.056972243,
391_0,0.08945347271515057,0.07924399,0.06104221,-0.16598591,0.03037235,0.0,0.04246179,0.017390398,0.006761427,
393_0,0.120745213131723,0.0901975,0.07718851,-0.22263975,0.044760678,0.0,0.07040003,0.01555129,0.003380711,
394_0,0.12863934315498918,0.09068433,0.076458275,-0.17395352,0.04803321,0.0,0.06826342,0.03505126,0.009060314,
395_0,0.08252977714103181,0.08113719,0.06228631,-0.2660162,0.023394551,0.0,0.040352225,0.011359202,0.0034077566,
307_0,0.3540630341470241,0.11584769,0.10775156,0.10215663,0.13648157,0.0,0.11118118,0.25438142,0.28811526,
304_0,0.11287479362906888,0.08458765,0.06698982,-0.17068703,0.03817548,0.0,0.053889833,0.040115178,0.015292677,
303_0,0.11268017572872341,0.086049445,0.06873273,-0.07726269,0.047002506,0.0,0.05487374,0.020493314,0.01225663,
208_0,0.21318303216993809,0.09403313,0.079921134,-0.021629255,0.06802995,1.0,0.07103788,0.21775205,0.06260441,
207_0,0.1952565321162343,0.09268378,0.07871234,-0.01697043,0.06594969,1.0,0.068226725,0.17395426,0.059484035,
209_0,0.2939529709577561,0.10097668,0.09276811,0.084965676,0.119895756,1.0,0.10111724,0.26978654,0.11194018,
206_0,0.22077687930092216,0.09375201,0.08110181,-0.0020389373,0.075676285,1.0,0.07598551,0.21426623,0.06749582,
205_0,0.19792733612284064,0.09532626,0.080905035,-0.011755822,0.07325869,1.0,0.07500161,0.15022811,0.06249197,
203_0,0.17205552173405886,0.08874816,0.07233101,-0.05777978,0.058219016,1.0,0.06535935,0.1438749,0.040705517,
204_0,0.17179830233994872,0.08534666,0.06839539,-0.051789295,0.05996193,1.0,0.06651192,0.15416373,0.028645663,
302_0,0.11632344583962112,0.086696014,0.06943552,-0.07038364,0.047339845,0.0,0.054508287,0.024710046,0.020549538,
305_0,0.0997059741285164,0.08138293,0.0635321,-0.20114535,0.031372484,0.0,0.047171175,0.036460675,0.0052287425,
306_0,0.34606171365231275,0.115285456,0.10797646,0.112500004,0.14010796,0.0,0.11177152,0.22863123,0.27793887,
308_0,0.25531911979168653,0.101920046,0.089417204,0.04987667,0.09318752,0.0,0.08433337,0.18299392,0.17396949,
315_0,0.29021994743943214,0.106880106,0.09678806,0.072382286,0.10724556,0.0,0.09276811,0.22011343,0.20217825,
319_0,0.3049260639972985,0.109438255,0.100302,0.09270321,0.1182934,0.0,0.09822175,0.21539068,0.2232057,
311_0,0.34407651968747377,0.11264297,0.1054183,0.13032094,0.1455616,0.0,0.111996405,0.23945418,0.24746597,
312_0,0.3120451442286372,0.111377954,0.10221359,0.09649558,0.12489961,0.0,0.102916375,0.21651515,0.21969175,
317_0,0.31440206344649196,0.11067516,0.101651356,0.1026841,0.12588352,0.0,0.10243848,0.20988083,0.2392574,
316_0,0.2851390085272491,0.106149204,0.097097285,0.104252234,0.11716893,0.0,0.09504514,0.18345597,0.19973256,
323_0,0.29282667146772146,0.107442334,0.097743854,0.08252625,0.11154662,0.0,0.094539136,0.20796923,0.21277632,
321_0,0.3135691815540194,0.111968294,0.10226981,0.08179881,0.121385664,0.0,0.10302883,0.21510957,0.2360808,
322_0,0.2670358446784317,0.10246659,0.09198099,0.07516739,0.0993181,0.0,0.085430995,0.19377291,0.18719481,
324_0,0.3119324524648488,0.11177152,0.103281826,0.087975815,0.12132944,0.0,0.10170758,0.20676044,0.2419561,
325_0,0.2738022690951824,0.10241037,0.09198099,0.08663294,0.10260715,0.0,0.08624623,0.19098987,0.21024628,
320_0,0.2853161411985755,0.10828568,0.09720974,0.078234136,0.108482465,0.0,0.09274,0.17215513,0.24091597,
310_0,0.15244226536788047,0.09302111,0.07812199,-0.020996297,0.06684926,0.0,0.06971664,0.051191125,0.035055097,
309_0,0.3371297298975289,0.11477945,0.106542766,0.09558649,0.1304938,0.0,0.10772345,0.22298081,0.2835331,
332_0,0.3409500110141933,0.113345765,0.1056432,0.123550415,0.14162599,0.0,0.11047839,0.23132993,0.25733313,
334_0,0.312233101529628,0.10828568,0.099430546,0.09964016,0.12456227,0.0,0.101988696,0.23523745,0.20594521,
327_0,0.3295101411372423,0.1110125,0.10314127,0.099772975,0.12936935,0.0,0.105896205,0.22826578,0.2599475,
333_0,0.28990026504546407,0.10533397,0.09552304,0.10178819,0.11258675,0.0,0.0917842,0.20591709,0.2127482,
328_0,0.3402249645717442,0.11314898,0.10586809,0.11737943,0.13808392,0.0,0.109072804,0.23675546,0.25879493,
329_0,0.30167967166006565,0.11742194,0.10794835,0.08396007,0.12357837,0.0,0.1044344,0.18154438,0.20605765,
326_0,0.3429452192954719,0.11865885,0.11151851,0.10352472,0.1399393,0.0,0.113683105,0.22118166,0.2609595,
200_0,0.23779216239601375,0.09209343,0.07770032,0.09475911,0.08720202,1.0,0.07210612,0.22837822,0.110422164,
201_0,0.27300444648936395,0.10330994,0.09046296,0.07723936,0.10311316,1.0,0.088326484,0.23692414,0.14016418,
199_0,0.24987445704191924,0.09501703,0.08084881,0.038326334,0.08720202,1.0,0.08076448,0.24336168,0.11351443,
330_0,0.37302632649317385,0.11539791,0.11185585,0.12139686,0.15256138,0.0,0.119530305,0.2767301,0.27301937,
336_0,0.24882227466255427,0.10595243,0.09361146,0.059500944,0.10086423,0.0,0.08953528,0.1460395,0.1531236,
335_0,0.3458173850685358,0.11253053,0.1034505,0.10993288,0.1324054,0.0,0.106177315,0.28313953,0.24617283,
337_0,0.341934303842485,0.11095628,0.10474363,0.12221488,0.14300345,0.0,0.11185585,0.25140157,0.23138615,
331_0,0.3636403414018452,0.118518285,0.11163096,0.1055914,0.14201954,0.0,0.1148919,0.2521887,0.3005968,
342_0,0.2667016973488033,0.107526675,0.09633827,0.07132421,0.10302883,0.0,0.089310385,0.18705425,0.16394655,
340_0,0.26942600175216797,0.10935392,0.098390415,0.068648264,0.10612109,0.0,0.09248699,0.18027936,0.164312,
338_0,0.6098102163538337,0.18248294,0.19286394,0.05553855,0.26765373,0.0,0.23948783,0.37076473,0.39320946,
339_0,0.659240639308095,0.1964435,0.21207352,0.06570521,0.29705474,0.0,0.2604254,0.38375077,0.4196492,
341_0,0.29053516558855774,0.11410478,0.10508097,0.073083326,0.11784361,0.0,0.10179192,0.19017462,0.17471327,
115_0,0.20978662037402393,0.09314549,0.07775647,-0.04620854,0.06531543,1.0,0.071644135,0.20241024,0.07867602,
109_0,0.22981873941347,0.092307076,0.07740487,-0.13397425,0.057255805,1.0,0.07497076,0.29382482,0.05514624,
108_0,0.23124451154209674,0.093605265,0.07900057,-0.11844663,0.0613938,1.0,0.0778917,0.2763262,0.063719735,
187_0,0.25306248896196487,0.09398391,0.07916285,-0.04791449,0.0747003,1.0,0.08221901,0.28568405,0.10158376,
186_0,0.263092941429466,0.09639098,0.083841756,-0.021875465,0.086465195,1.0,0.09033273,0.26907796,0.1082911,
355_0,0.268661830098182,0.101096936,0.08992705,0.09667766,0.09909555,0.0,0.08162401,0.2048714,0.1938097,
356_0,0.29811041084825995,0.10831814,0.09839236,0.08049618,0.11072522,0.0,0.09422732,0.21923268,0.22128816,
354_0,0.27844647788852456,0.110130206,0.10009624,0.073294245,0.10891315,0.0,0.094038,0.18218003,0.18645325,
352_0,0.2981037433236838,0.12050994,0.10916915,0.027566846,0.11135614,0.0,0.10538137,0.22088604,0.16041687,
353_0,0.5100061053350567,0.16240247,0.16912107,0.03590883,0.21364269,0.0,0.19883123,0.33342132,0.30334035,
188_0,0.2488816768169403,0.09981244,0.083218366,-0.15031984,0.053908184,1.0,0.07298235,0.33841985,0.07338818,
189_0,0.2150789345867932,0.08442004,0.0690427,-0.124367155,0.051490784,1.0,0.066117376,0.279355,0.06847317,
190_0,0.2317148952886462,0.08695704,0.07375427,-0.076546945,0.06355449,1.0,0.074090816,0.2753165,0.08623218,
191_0,0.2241209870643914,0.08545555,0.07124316,-0.08176773,0.066428035,1.0,0.078258745,0.25367433,0.071320824,
194_0,0.23438210383169356,0.08410938,0.06992288,-0.13186587,0.054623205,1.0,0.07121727,0.32610834,0.06751532,
195_0,0.24847705140784382,0.08858797,0.07577352,-0.034910068,0.08265967,1.0,0.08863974,0.26384822,0.08695704,
192_0,0.2557398299865425,0.088510305,0.07556642,-0.048219346,0.07818108,1.0,0.08610274,0.3017997,0.0847048,
193_0,0.22598500088527798,0.08170182,0.06653158,-0.16051582,0.048876118,1.0,0.067567095,0.33302036,0.053018164,
198_0,0.2615124355979264,0.09760329,0.08880438,0.01641839,0.09397691,1.0,0.090940855,0.25913227,0.08470009,
197_0,0.28041943911835554,0.102916375,0.09282433,0.06163522,0.10676766,1.0,0.09437047,0.25067067,0.12619273,
196_0,0.2999831770822406,0.10016145,0.09237455,0.030386409,0.11581958,1.0,0.10898847,0.29117942,0.10182003,
343_0,0.2608235409900546,0.107217446,0.095776044,0.06913802,0.10215737,0.0,0.088944934,0.17699032,0.15641266,
344_0,0.28583930767029525,0.10547453,0.09541059,0.0931488,0.1110125,0.0,0.09209343,0.20802546,0.19551583,
346_0,0.29452673665806656,0.10876358,0.0995711,0.09689212,0.1180685,0.0,0.09720974,0.19947955,0.20453963,
345_0,0.2905616972215474,0.10387217,0.09434236,0.10408217,0.11480756,0.0,0.09316167,0.20833468,0.20692912,
350_0,0.26329990880042314,0.10062578,0.0908661,0.040714186,0.09959027,0.0,0.09179805,0.201847,0.14771566,
351_0,0.26223576842546464,0.098062895,0.08889862,0.0676076,0.097907566,0.0,0.085507326,0.1982486,0.17308567,
349_0,0.2966393848501146,0.1010141,0.092730016,0.10391699,0.1156407,0.0,0.093869075,0.22154759,0.21706901,
348_0,0.2552483094751835,0.09371375,0.08219369,0.08712067,0.093196,0.0,0.078258745,0.19744608,0.18892899,
347_0,0.2853520764581859,0.09896897,0.089545816,0.102308504,0.108780436,0.0,0.08858797,0.21616293,0.21269397,
370_0,0.10115321789868174,0.08254357,0.066397265,-0.17279081,0.036836278,0.0,0.0522253,0.01503742,0.008627582,
373_0,0.09579040679275058,0.08175924,0.06531543,-0.19332051,0.033969432,0.0,0.050250962,0.01187307,0.004165037,
374_0,0.09550000483538025,0.081948556,0.06555884,-0.19500482,0.033996478,0.0,0.050467327,0.010980561,0.0029209335,
371_0,0.1359501135081053,0.083598346,0.06758727,-0.07121058,0.0493855,0.0,0.056958303,0.074754395,0.032995787,
372_0,0.15904683085680005,0.08446381,0.07053526,-0.015051737,0.056633756,0.0,0.058364682,0.10958929,0.05849991,
369_0,0.10130328181302176,0.08303039,0.067857735,-0.20117478,0.036782186,0.0,0.055308513,0.007843256,0.00870872,
368_0,0.10284247068315745,0.08313857,0.06747909,-0.18189684,0.038377885,0.0,0.05544374,0.008357125,0.010980561,
366_0,0.14201844658628107,0.08838544,0.0744028,-0.019137722,0.06307064,0.0,0.0655318,0.040730864,0.034266934,
367_0,0.10257552555459552,0.084031075,0.06861501,-0.22964267,0.03556513,0.0,0.056768984,0.012359893,0.005382095,
364_0,0.3184113719217479,0.11459275,0.10520788,0.08184557,0.12619537,0.0,0.10710109,0.20389776,0.24292475,
363_0,0.3192289278961718,0.11361911,0.10493743,0.10733189,0.1329568,0.0,0.10718223,0.19554062,0.24211337,
365_0,0.3760408504031598,0.12089441,0.11459275,0.11164628,0.15605386,0.0,0.124707855,0.260234,0.27754328,
362_0,0.38339161994084714,0.11797347,0.11037362,0.092603855,0.14583057,0.0,0.121110775,0.31970757,0.27310777,
381_0,0.2716774653762579,0.11002202,0.10052898,0.06095417,0.10615449,0.0,0.093956865,0.18767032,0.15599976,
377_0,0.34386429415941244,0.113429785,0.107074045,0.11716963,0.14518148,0.0,0.11472798,0.24901004,0.22429024,
358_0,0.3176387828543782,0.115431175,0.10691176,0.08894756,0.12830494,0.0,0.1073445,0.21092965,0.22036861,
359_0,0.09445863941898569,0.081894465,0.06526134,-0.2194797,0.0316435,0.0,0.04943959,0.012305802,0.0055173235,
360_0,0.3303473717302084,0.11559345,0.10791246,0.10299505,0.13844709,0.0,0.11259137,0.23126803,0.20814393,
361_0,0.410863507527113,0.13601297,0.13192907,0.09709603,0.1665476,0.0,0.13706775,0.26859114,0.31689483,
172_0,0.3067209851637483,0.102259904,0.094822325,0.086851776,0.115917996,1.0,0.09739167,0.29147184,0.15196995,
168_0,0.32810426626279954,0.10409901,0.09557961,0.105738744,0.12741242,1.0,0.10304423,0.30948427,0.17517519,
170_0,0.2660921864748001,0.097986676,0.08678974,0.052822776,0.09406505,1.0,0.084626086,0.25390533,0.12990063,
169_0,0.33629957168698316,0.10347696,0.096472114,0.1260543,0.13179384,1.0,0.10228695,0.31402797,0.19443175,
171_0,0.32428944299891593,0.10515379,0.09839236,0.11129567,0.12665515,1.0,0.101286255,0.28792885,0.18794078,
357_0,0.37757010369971394,0.121786915,0.11570163,0.11043008,0.15188882,0.0,0.12167873,0.26423678,0.29360846,
375_0,0.33690223818346865,0.11123908,0.10409901,0.10974538,0.1367432,0.0,0.109697476,0.24427703,0.24089631,
385_0,0.17800568120367824,0.095011644,0.08116423,0.03681525,0.07959558,0.0,0.07394302,0.07994717,0.057877857,
384_0,0.41499032439589506,0.1263306,0.121164866,0.12428905,0.18177435,0.0,0.1415844,0.29663756,0.27600166,
388_0,0.11408945686519147,0.090553805,0.07320297,-0.12864415,0.04135649,0.0,0.053567965,0.026948703,0.01475919,
389_0,0.23733936609476805,0.102990136,0.0917932,0.07533862,0.10307127,0.0,0.08862885,0.14280145,0.11023839,
390_0,0.361637016864866,0.123842396,0.11829802,0.1021613,0.15654068,0.0,0.1275206,0.23194417,0.23610923,
387_0,0.1174857000246644,0.087720565,0.07085291,-0.10832974,0.045375735,0.0,0.056401204,0.028332377,0.017570466,
386_0,0.26734775331169364,0.10493743,0.09598529,0.0966402,0.12138123,0.0,0.09998806,0.15645954,0.13982642,
396_0,0.33339375400915744,0.10815587,0.10169194,0.119920745,0.13752754,0.0,0.10807473,0.24368203,0.23548716,
382_0,0.32024876605272296,0.11267251,0.10474811,0.105803564,0.13398454,0.0,0.10834519,0.214094,0.21720426,
383_0,0.3160335671670735,0.10666835,0.09787849,0.11506151,0.123842396,0.0,0.09828418,0.23107871,0.24300589,
376_0,0.32366317072063683,0.12246306,0.1168105,0.08180961,0.14001574,0.0,0.118838936,0.19802883,0.18315367,
277_0,0.32460582237541674,0.10866974,0.10069125,0.11948111,0.13303794,0.0,0.104639925,0.22634572,0.24162655,
276_0,0.30016055513918405,0.10796655,0.09952828,0.10379811,0.120651,0.0,0.09795963,0.20557459,0.21328263,
275_0,0.31629680037647484,0.10977861,0.10174603,0.110221855,0.13130702,0.0,0.10523493,0.21815085,0.21666335,
274_0,0.32141768031120305,0.10975157,0.101718985,0.11487333,0.13268635,0.0,0.10534311,0.2311328,0.21766403,
278_0,0.2819370712369681,0.107019946,0.09790554,0.09169734,0.112375006,0.0,0.09349708,0.19451289,0.18426256,
272_0,0.2808674574330449,0.10380151,0.09409209,0.08869424,0.107560866,0.0,0.09003523,0.20871189,0.19040194,
279_0,0.32757085113301876,0.11126613,0.10296309,0.10290781,0.13130702,0.0,0.10680358,0.23202531,0.23951699,
280_0,0.3180339102327824,0.10977861,0.10188126,0.10489673,0.12876472,0.0,0.10431538,0.22291091,0.22604822,
281_0,0.27530805450007323,0.099149644,0.089196816,0.097009495,0.10169194,0.0,0.08370653,0.20719734,0.21109192,
282_0,0.0832859157586936,0.08156992,0.06315178,-0.29275617,0.022312721,0.0,0.040784955,0.0122517105,0.005192775,
285_0,0.12214177342168987,0.08662747,0.070670485,-0.13363282,0.041731555,0.0,0.054605324,0.04562614,0.029020064,
284_0,0.09195069150039925,0.08173219,0.06374678,-0.24633211,0.026396627,0.0,0.043651804,0.02206931,0.011223973,
283_0,0.08635588577496821,0.08351721,0.06388201,-0.27054942,0.023881374,0.0,0.041596327,0.01503742,0.005841872,
290_0,0.30746373988613485,0.110671125,0.10142148,0.08635448,0.11670232,0.0,0.09814895,0.2226134,0.2254532,
291_0,0.26190216931998733,0.10631676,0.09636393,0.02354472,0.09582302,0.0,0.09141456,0.18015161,0.16641237,
293_0,0.2617054221898317,0.106479034,0.096958935,0.03529751,0.0971753,0.0,0.0905491,0.17487769,0.17019878,
292_0,0.26204794897362593,0.10715518,0.09712121,0.022837758,0.09387572,0.0,0.08968364,0.1805573,0.17339016,
295_0,0.2590292542085052,0.10239513,0.09065729,0.018635456,0.08944023,0.0,0.08616769,0.21360718,0.15083404,
294_0,0.2688930820770562,0.107047,0.09679666,0.03439562,0.099636465,0.0,0.09301026,0.19051012,0.16795398,
226_0,0.2898860906906426,0.102313995,0.09257753,0.042128593,0.10804769,1.0,0.09931192,0.26426384,0.13479592,
224_0,0.2666402201905847,0.098175995,0.086275876,0.031590853,0.0984735,1.0,0.092442304,0.2518228,0.10612744,
227_0,0.28682043284475806,0.09325367,0.07986604,-0.010423528,0.10142148,1.0,0.10355809,0.3141632,0.09111706,
231_0,0.3045397279560566,0.10491038,0.09522801,0.08589116,0.11386252,1.0,0.095850065,0.2723505,0.1741745,
228_0,0.2862650781489909,0.10158376,0.091766156,0.060483858,0.1066954,1.0,0.09452482,0.24203223,0.166196,
225_0,0.24236079741716388,0.090792514,0.07618782,-0.045115445,0.07269892,1.0,0.079568535,0.2638852,0.10423424,
230_0,0.2875653083488345,0.09787849,0.08570792,0.055766787,0.11264546,1.0,0.10074534,0.27037618,0.11786529,
229_0,0.2628863026574254,0.097148255,0.083841756,0.024878392,0.0997176,1.0,0.094876416,0.24711683,0.09257753,
237_0,0.25679723992198705,0.10547835,0.09582302,0.052495327,0.098960325,1.0,0.08908863,0.18069252,0.14299077,
236_0,0.16454999524094166,0.0870602,0.07161709,-0.07431751,0.049520727,1.0,0.057472173,0.14569534,0.049033903,
233_0,0.27932461078241466,0.102124676,0.090062276,0.04449581,0.09777031,1.0,0.08944023,0.2536619,0.15732501,
232_0,0.16209282358810306,0.084761314,0.06815524,-0.13069911,0.042542927,1.0,0.05533556,0.16319393,0.045436822,
234_0,0.22456232124790548,0.09241526,0.07973081,0.013935473,0.07772943,1.0,0.07559281,0.20976669,0.08952136,
235_0,0.2128874754294753,0.09130638,0.077918746,-0.026162788,0.06342223,1.0,0.066829994,0.22044975,0.08527518,
239_0,0.27142118894904854,0.100312606,0.089386135,0.05131639,0.09557961,1.0,0.08624883,0.25363484,0.138988,
238_0,0.30447079364210367,0.10804769,0.10017738,0.05697093,0.11164477,1.0,0.09960942,0.25790808,0.1782584,
271_0,0.3550494174577296,0.11832506,0.11191522,0.118589416,0.15013084,0.0,0.11829802,0.24030131,0.25068688,
273_0,0.3045690911732614,0.10691176,0.09733758,0.103012286,0.12032645,0.0,0.09785145,0.21779926,0.22180203,
240_0,0.3077601192966104,0.10180012,0.09154979,0.10339044,0.12454558,1.0,0.10120512,0.26066676,0.17393109,
244_0,0.25358181976377964,0.098365314,0.08870999,0.05832282,0.090792514,1.0,0.080785595,0.23183599,0.11908235,
243_0,0.2620699425064027,0.097986676,0.088412486,0.0528587,0.09238821,1.0,0.083111525,0.2450884,0.12927859,
250_0,0.25689130307286984,0.097148255,0.085248135,0.04362143,0.08573496,1.0,0.07856784,0.24725206,0.137798,
247_0,0.2586640836417675,0.09639098,0.0838688,0.050453644,0.08925091,1.0,0.080677405,0.23756969,0.14796719,
246_0,0.26199727522954347,0.09990692,0.08946727,0.048776682,0.09100888,1.0,0.08254357,0.24754956,0.12681742,
249_0,0.2513919802688062,0.098906234,0.086275876,0.03715615,0.087195426,1.0,0.08094787,0.23299897,0.120488726,
251_0,0.2748755075603724,0.09806781,0.08797976,0.09465763,0.098365314,1.0,0.08135355,0.24525067,0.17468837,
248_0,0.22223004590943457,0.09198252,0.078540795,0.009413477,0.07540349,1.0,0.07399711,0.21182215,0.08876408,
147_0,0.30677031450718645,0.10426129,0.094335504,0.10326017,0.11486321,1.0,0.093361855,0.2872527,0.16930626,
150_0,0.27973858771696686,0.10207058,0.09168502,0.06049228,0.10312536,1.0,0.09136047,0.252526,0.13982642,
143_0,0.24867635925784706,0.09739167,0.08592428,0.04091192,0.09014341,1.0,0.08305743,0.22445251,0.10985975,
146_0,0.2505319132223725,0.09614757,0.08459904,0.024516152,0.08589724,1.0,0.08178628,0.23608218,0.119271666,
144_0,0.23442086139842866,0.09852759,0.085978374,0.010683398,0.08059627,1.0,0.07889239,0.2156356,0.09260458,
145_0,0.3324237303331494,0.10674949,0.10193535,0.11613543,0.13685139,1.0,0.108372234,0.30256057,0.153187,
149_0,0.31745271687582133,0.10207058,0.09314549,0.1138527,0.12819676,1.0,0.10198944,0.29295933,0.15810934,
148_0,0.2806781623594463,0.09760804,0.08562677,0.10196282,0.11691869,1.0,0.0952821,0.2554469,0.111049764,
270_0,0.09420327695496382,0.07840557,0.05996038,-0.15089108,0.028993018,0.0,0.03929744,0.03537581,0.016714256,
269_0,0.19543680174052716,0.08789862,0.07453803,0.010921637,0.07134663,0.0,0.069805026,0.14826469,0.08965659,
268_0,0.2893666470468044,0.10382856,0.09398391,0.1065435,0.11502548,0.0,0.09287503,0.20598027,0.2057639,
379_0,0.2896320800438523,0.10572176,0.094633006,0.0022026333,0.08614065,0.0,0.08576201,0.28855088,0.18112525,
378_0,0.3052522045858205,0.108237006,0.09844645,0.0417643,0.10220581,0.0,0.09401096,0.28668472,0.18253163,
380_0,0.0807174979167059,0.07962263,0.061123345,-0.27240935,0.022502042,0.0,0.039351534,0.011007607,0.0040839,
167_0,0.27386434288918976,0.09666143,0.08400403,0.04571105,0.10023147,1.0,0.091468655,0.25861126,0.13168566,
166_0,0.2705061239778996,0.098121904,0.08630292,0.05570753,0.09917669,1.0,0.08870999,0.2559067,0.12457263,
165_0,0.2644436820879579,0.09712121,0.08427449,0.05606373,0.09679666,1.0,0.086519286,0.24995664,0.12205738,
164_0,0.28554909476414325,0.09790554,0.08608656,0.040294044,0.10334173,1.0,0.09533619,0.28368267,0.12651992,
163_0,0.2800382517978549,0.09460596,0.081272416,0.018029712,0.095444374,1.0,0.09206366,0.2933921,0.1285754,
162_0,0.2416122653886676,0.098662816,0.08668156,0.025123946,0.0838688,1.0,0.079757854,0.22669731,0.09720235,
160_0,0.3067519917726517,0.101773076,0.09211775,0.090779655,0.12430217,1.0,0.103612185,0.2841154,0.13157748,
159_0,0.27706856754347686,0.100069195,0.0889534,0.066398926,0.10772314,1.0,0.09430846,0.25731307,0.10991384,
161_0,0.256169705581665,0.09633689,0.083787665,0.04760504,0.09641802,1.0,0.08765521,0.23789424,0.10228695,
156_0,0.2010668538372964,0.08941318,0.073537335,-0.056546498,0.06723568,1.0,0.07529531,0.19499971,0.048249576,
155_0,0.24702772208228707,0.096715525,0.08319266,-0.0060006143,0.0896025,1.0,0.09068433,0.23608218,0.07551167,
153_0,0.22242417927756902,0.08868294,0.07461917,-0.09880654,0.06228631,1.0,0.07594441,0.26769865,0.05184666,
157_0,0.23122139259167018,0.09138752,0.07610668,-0.033475537,0.07964967,1.0,0.085167,0.24205928,0.054334868,
151_0,0.20647445450723168,0.08806089,0.07191459,-0.12905331,0.054118503,1.0,0.07015662,0.254906,0.03962199,
152_0,0.23239785486571493,0.08908863,0.07364552,-0.09870132,0.06569407,1.0,0.0800824,0.29090387,0.046653878,
154_0,0.22238323667533696,0.09200957,0.078838296,-0.04315397,0.072861195,1.0,0.07943331,0.22745459,0.06096107,
180_0,0.2459811910592019,0.093172535,0.081948556,0.053929135,0.092496395,1.0,0.08303039,0.24073404,0.08119128,
181_0,0.2564332077465951,0.09517392,0.083841756,0.035800245,0.093118444,1.0,0.08668156,0.25149825,0.096472114,
179_0,0.2297719570942223,0.09241526,0.07967672,-0.018187841,0.08029877,1.0,0.0832738,0.22804959,0.06261086,
183_0,0.23192696160003543,0.09073842,0.07756715,-0.017284736,0.084571995,1.0,0.08754703,0.22372228,0.06223222,
182_0,0.2288252232529223,0.09008932,0.07702623,-0.029430583,0.08205674,1.0,0.08703315,0.2219643,0.06020379,
178_0,0.2871207732215524,0.09828418,0.08857476,0.062619075,0.11313228,1.0,0.09979874,0.27819237,0.100853525,
184_0,0.29452114107757804,0.09820304,0.08795271,0.062440433,0.12056986,1.0,0.1063979,0.2834663,0.09265867,
176_0,0.2779082309022546,0.10307127,0.09319958,0.0626777,0.10615449,1.0,0.09363231,0.254311,0.11283478,
177_0,0.3017266099147499,0.10355809,0.09590416,0.071539484,0.12132714,1.0,0.105126746,0.2764344,0.11553936,
174_0,0.3014932999417186,0.1050997,0.09668848,0.071290456,0.119893715,1.0,0.10393674,0.27675894,0.11773006,
173_0,0.2882892241485417,0.099879876,0.08968364,0.03075127,0.10742564,1.0,0.1010158,0.2843588,0.1054513,
185_0,0.27952874208837747,0.100069195,0.08992705,0.060112122,0.10994089,1.0,0.09747281,0.25723195,0.10582994,
175_0,0.27034009026512507,0.10139444,0.0914957,0.0557314,0.10374742,1.0,0.0927939,0.25225553,0.09533619,
136_0,0.1993539136197418,0.08735771,0.071400724,-0.18367353,0.043273162,1.0,0.06274609,0.26894274,0.036024906,
137_0,0.22276683531701566,0.08660042,0.07050821,-0.17652334,0.049710046,1.0,0.071022086,0.3165162,0.039540853,
139_0,0.2013624103561044,0.08757407,0.07107618,-0.18042515,0.044841815,1.0,0.0645852,0.2666168,0.039973583,
138_0,0.21335997093543413,0.087195426,0.07177936,-0.14973263,0.047302976,1.0,0.063963145,0.29658347,0.045842506,
140_0,0.2012829783450812,0.08681679,0.070481166,-0.1657531,0.04321907,1.0,0.06039311,0.27770555,0.040433362,
158_0,0.2414819352246821,0.09228003,0.07805397,-0.006340551,0.0890075,1.0,0.09014341,0.24032836,0.06166426,
135_0,0.21004665415026247,0.08908863,0.07507894,-0.081625044,0.066640675,1.0,0.0784867,0.20890121,0.059716966,
134_0,0.21350520638786258,0.09203661,0.07743192,-0.07422679,0.06071766,1.0,0.07045412,0.2343783,0.06734386,
141_0,0.23352065617144108,0.08998114,0.07686396,-0.07987901,0.069940254,1.0,0.082083784,0.27097118,0.056579664,
133_0,0.18329498307667674,0.09033273,0.076214865,-0.058746714,0.05849991,1.0,0.065802254,0.17079379,0.042813387,
265_0,0.2210597463838756,0.10253036,0.09100888,0.015803607,0.081705146,0.0,0.07916285,0.12016418,0.14804833,
142_0,0.1884807069323957,0.08692497,0.07012957,-0.13915695,0.045842506,1.0,0.060663566,0.22913142,0.044084534,
131_0,0.1882022080834955,0.08760112,0.072076865,-0.061311677,0.059419464,1.0,0.06718159,0.18745396,0.04581546,
132_0,0.2384702985547483,0.093415946,0.080055356,0.009464812,0.079325125,1.0,0.07783761,0.22564252,0.11754074,
126_0,0.1928792439825833,0.08908863,0.07332097,-0.06612684,0.05614693,1.0,0.06409837,0.20005727,0.061015163,
127_0,0.1714114062860608,0.08638406,0.07045412,-0.099852435,0.04949368,1.0,0.060474247,0.1690358,0.04273225,
128_0,0.17912840086594226,0.08738475,0.07123845,-0.07231124,0.05482169,1.0,0.06336814,0.17063151,0.051549155,
125_0,0.15688448606207966,0.083787665,0.06701931,-0.1353811,0.041109506,1.0,0.05398327,0.15808229,0.039486762,
124_0,0.22017654767408967,0.094038,0.078838296,0.018147059,0.072076865,1.0,0.069507524,0.20149069,0.11056294,
253_0,0.3049347073301673,0.11145545,0.103179455,0.089528054,0.11832506,0.0,0.09887919,0.21157874,0.2197736,
252_0,0.31325221236348155,0.10958929,0.10388265,0.09748579,0.12514059,0.0,0.102909,0.22447956,0.21211965,
264_0,0.33427006175965074,0.1089402,0.10239513,0.114263006,0.13279453,0.0,0.10555948,0.23551421,0.26623815,
3_0,0.22505339035056532,0.08789862,0.07323983,-0.09610487,0.06715454,1.0,0.08143469,0.26142403,0.049655955,
2_0,0.22562122530639175,0.08889931,0.07418643,-0.08325507,0.06596453,1.0,0.07794579,0.25666398,0.067316815,
8_0,0.23212561738826334,0.08806089,0.07253664,-0.10925997,0.062178127,1.0,0.07743192,0.29615074,0.05639034,
7_0,0.31022380767390134,0.10015033,0.09136047,0.010676143,0.11137431,1.0,0.109021336,0.3125675,0.130117,
210_0,0.34613513723909856,0.09685075,0.086032465,0.06603861,0.14996856,1.0,0.13138816,0.3540286,0.092496395,
215_0,0.34647266437485813,0.10142148,0.092496395,0.07185936,0.14180076,1.0,0.12278761,0.35405564,0.11919053,
213_0,0.291808770339936,0.10023147,0.0896025,0.057694867,0.10883202,1.0,0.096958935,0.28876725,0.12081327,
214_0,0.3876993396937848,0.102692634,0.09598529,0.08402906,0.16154414,1.0,0.13649979,0.41022962,0.13246998,
216_0,0.2535802782513201,0.08952136,0.0756469,-0.12478035,0.060609475,1.0,0.0778917,0.34613127,0.07764829,
212_0,0.31089124004840846,0.092144795,0.0797849,0.05294055,0.13582365,1.0,0.12216556,0.31478524,0.0655318,
211_0,0.2570558230787516,0.09330776,0.08075854,0.02870816,0.09885214,1.0,0.09333481,0.25631237,0.06961571,
262_0,0.0856695921421284,0.07908171,0.062475633,-0.23590338,0.026937542,0.0,0.043570668,0.010439646,0.0032184364,
263_0,0.08739176008263601,0.07986604,0.06296246,-0.23278446,0.027721869,0.0,0.044544313,0.011169882,0.0038404884,
219_0,0.30553561203926805,0.097689174,0.08762816,0.061472613,0.12749356,1.0,0.1127266,0.29176933,0.0978244,
241_0,0.2555892444744706,0.09790554,0.08532927,0.057340898,0.09076547,1.0,0.08092082,0.22664322,0.14109758,
245_0,0.19242050042524936,0.09057614,0.07680987,-0.010208377,0.06293541,1.0,0.0642336,0.17509405,0.06802001,
242_0,0.2842850406557322,0.10077239,0.0901975,0.062533416,0.10753382,1.0,0.094876416,0.2548519,0.14082712,
220_0,0.3255232577554882,0.10188126,0.09374049,0.07309785,0.13598593,1.0,0.1174596,0.29093093,0.13847414,
222_0,0.29343439641669394,0.10188126,0.090062276,0.009072864,0.09625575,1.0,0.09452482,0.30888927,0.13547206,
221_0,0.30561100542247294,0.10461288,0.094389595,0.062258817,0.11167181,1.0,0.09858168,0.2891459,0.15673,
217_0,0.294011775700748,0.100312606,0.09117115,0.08462359,0.109886795,1.0,0.092739806,0.29220206,0.13030632,
218_0,0.2638080533258617,0.102259904,0.091225244,0.04948705,0.09406505,1.0,0.085194044,0.23559535,0.13165861,
267_0,0.18146168818846345,0.0883043,0.07104913,-0.12433483,0.048952766,0.0,0.062854275,0.18418142,0.05868923,
266_0,0.2393817553818226,0.10382856,0.091035925,0.0035484156,0.084139265,0.0,0.083544254,0.16562805,0.14815651,
223_0,0.2877596145488322,0.10047489,0.090305686,-0.009965863,0.09806781,1.0,0.10004215,0.29853076,0.107939504,
6_0,0.2285383278232068,0.09198252,0.07635009,-0.10217759,0.05798604,1.0,0.07118436,0.28836158,0.066451356,
5_0,0.2350066275481135,0.08968364,0.07342915,-0.14395136,0.05138688,1.0,0.0686691,0.34542805,0.046924338,
9_0,0.2554457895673811,0.09022455,0.07653941,-0.078212254,0.07586327,1.0,0.08873703,0.317003,0.05898673,
10_0,0.3229539583586156,0.10309832,0.092198886,-0.003595294,0.10493743,1.0,0.10569471,0.34932265,0.1554318,
14_0,0.31286123083233836,0.10052898,0.08889931,0.051776167,0.12251715,1.0,0.11045476,0.31272978,0.11424116,
12_0,0.2989077590189874,0.10125921,0.09003523,0.053535856,0.11443048,1.0,0.10280082,0.29385185,0.115079574,
4_0,0.2644844946850092,0.08870999,0.074510984,-0.09405546,0.076458275,1.0,0.09233412,0.34548214,0.05449714,
11_0,0.2667412035979331,0.09874395,0.08697906,0.034991328,0.09679666,1.0,0.090251595,0.25239074,0.11345683,
13_0,0.29743260210305456,0.09979874,0.08911568,0.05711788,0.11437639,1.0,0.102016486,0.29385185,0.11364616,
17_0,0.23534292043969038,0.09046796,0.07589032,-0.10548688,0.06261086,1.0,0.077377826,0.2824656,0.0797849,
15_0,0.270507393861562,0.08998114,0.07575508,-0.053224817,0.08178628,1.0,0.09098183,0.34867355,0.06290837,
16_0,0.28528676881566645,0.09936601,0.0861136,-0.007995395,0.093956865,1.0,0.09547142,0.31116113,0.109832704,
20_0,0.24648458729572595,0.08916977,0.073591426,-0.14360088,0.053388268,1.0,0.07129254,0.36254802,0.06242154,
21_0,0.2557468240857125,0.09303731,0.079379216,-0.065268844,0.074754395,1.0,0.085194044,0.30834836,0.075673945,
22_0,0.27532960856929417,0.098230086,0.0861136,-0.0033483617,0.09257753,1.0,0.09319958,0.2912284,0.10353105,
27_0,0.2768239440716803,0.094876416,0.08175924,-0.09419153,0.07802693,1.0,0.09425437,0.34245303,0.08511291,
26_0,0.2511666262447834,0.08911568,0.073726654,-0.17751254,0.057769675,1.0,0.08270584,0.35521862,0.05419964,
25_0,0.26471903835684063,0.094146185,0.08151583,-0.055465475,0.07875716,1.0,0.0880068,0.3228449,0.07340211,
24_0,0.30673211585357785,0.104829244,0.09422732,0.03175416,0.108967245,1.0,0.102259904,0.31227,0.12825085,
23_0,0.23479082021564246,0.09198252,0.07672873,-0.08210278,0.063043594,1.0,0.074321665,0.2819247,0.08151583,
19_0,0.280225502281636,0.09552551,0.08324675,0.01744108,0.10334173,1.0,0.09979874,0.30023465,0.07748601,
18_0,0.2388010281905532,0.09092774,0.07672873,-0.11519382,0.06512611,1.0,0.082083784,0.29331094,0.060609475,
254_0,0.3186464121483267,0.116945736,0.10937293,0.08578061,0.12649287,0.0,0.10650608,0.20957737,0.22731936,
256_0,0.3215254396356642,0.11510662,0.10866974,0.095431015,0.13163157,0.0,0.10869679,0.21879995,0.2121467,
38_0,0.2865940627910197,0.10499152,0.095011644,0.032431707,0.10374742,1.0,0.0972294,0.27345937,0.11697278,
39_0,0.27274376386106014,0.10239513,0.09076547,0.010469715,0.0965803,1.0,0.094578914,0.26485884,0.102692634,
40_0,0.2944405884154141,0.10747973,0.09806781,0.04872689,0.10972452,1.0,0.09952828,0.26604885,0.1329568,
41_0,0.2935236222207547,0.09936601,0.09033273,-9.197173E-4,0.10282786,1.0,0.10301718,0.3122159,0.09633689,
32_0,0.2866058899365366,0.106479034,0.09606643,0.043348715,0.104153104,1.0,0.095498465,0.26039627,0.13466069,
34_0,0.29530982256010174,0.10931884,0.09936601,0.053296465,0.108237006,1.0,0.09728349,0.26420975,0.14434306,
42_0,0.2935127885617316,0.10674949,0.096715525,0.02502634,0.10523493,1.0,0.10009624,0.27816534,0.12541105,
35_0,0.28145345193222165,0.10501856,0.095065735,0.045755144,0.10477515,1.0,0.095606655,0.25209326,0.12484308,
33_0,0.2841180249325931,0.10461288,0.0949846,0.044332277,0.10353105,1.0,0.09474119,0.26331723,0.12687151,
36_0,0.2671205540902913,0.09663439,0.08400403,-0.011001728,0.09238821,1.0,0.09444369,0.28070763,0.0848695,
37_0,0.21828089703843,0.09517392,0.08175924,-0.048454836,0.06745204,1.0,0.074321665,0.21869177,0.07269892,
31_0,0.3012167206585407,0.106343806,0.09736463,0.049057573,0.109886795,1.0,0.09960942,0.28895658,0.13298385,
30_0,0.2732582657195628,0.1016108,0.09065729,0.028763881,0.099149644,1.0,0.093605265,0.26145107,0.10637085,
29_0,0.26028141377717257,0.09444369,0.08013649,-0.081909485,0.070481166,1.0,0.08305743,0.3208435,0.09157684,
43_0,0.27926447483599187,0.105126746,0.09509278,0.04243593,0.102313995,1.0,0.09398391,0.25322917,0.12368012,
28_0,0.24796464112475514,0.09241526,0.07735078,-0.088679895,0.07337506,1.0,0.08765521,0.29190457,0.06593748,
44_0,0.27421542154178025,0.10564062,0.09447073,0.03357788,0.09906851,1.0,0.09263162,0.24519658,0.124653764,
45_0,0.2979716046042741,0.102259904,0.093172535,0.032676563,0.11410593,1.0,0.10688472,0.28392607,0.1089402,
46_0,0.2600276730760932,0.09612052,0.084139265,-0.030112348,0.08754703,1.0,0.092983216,0.26764455,0.08757407,
47_0,0.27671501104161145,0.09868986,0.0845179,0.014806918,0.0899,1.0,0.08727656,0.2931216,0.13033336,
49_0,0.283828974083811,0.10209762,0.092442304,0.0277436,0.10169194,1.0,0.09620166,0.27475756,0.118000515,
48_0,0.2547458006218076,0.098960325,0.08587019,0.057916272,0.0909007,1.0,0.08094787,0.23483807,0.12400467,
50_0,0.25656016289517286,0.09682371,0.08113719,-0.06831869,0.07321279,1.0,0.08394994,0.28046423,0.117324375,
261_0,0.3397607120782137,0.12668219,0.1181087,0.060951572,0.13087429,0.0,0.11583686,0.21579787,0.25285053,
51_0,0.2884491369225085,0.09655325,0.08259766,-0.02974627,0.08998114,1.0,0.095498465,0.33109382,0.1152148,
52_0,0.2593778449252248,0.09674257,0.082327195,0.010396404,0.08411222,1.0,0.082381286,0.27318892,0.11394366,
61_0,0.2586983755737543,0.10077239,0.085437454,0.041964587,0.09065729,1.0,0.083354935,0.24105859,0.12673628,
53_0,0.2714752341017127,0.10052898,0.08703315,0.04891223,0.097148255,1.0,0.08808794,0.2609913,0.12497831,
56_0,0.2726479520022869,0.1007183,0.08681679,0.064478,0.09733758,1.0,0.08554564,0.25966606,0.13771686,
54_0,0.2819130887180567,0.103774466,0.09130638,0.078918,0.104639925,1.0,0.089332044,0.26085606,0.13823073,
58_0,0.262720540317148,0.098906234,0.08254357,0.05441544,0.091712065,1.0,0.08224606,0.26239768,0.12216556,
419_0,0.3104212748274207,0.11516071,0.10683063,0.0858359,0.12419399,0.0,0.10455879,0.20527709,0.21401286,
255_0,0.3211885985545814,0.11405184,0.105072655,0.10350371,0.12990063,0.0,0.10553244,0.22015224,0.22818482,
257_0,0.3140267129935324,0.11253728,0.10499152,0.09610575,0.124464445,0.0,0.10263854,0.22128816,0.2175288,
129_0,0.20590020922310653,0.08746589,0.071563,-0.15603346,0.047762755,1.0,0.065423615,0.2693484,0.045896597,
123_0,0.22391694090068343,0.08825021,0.07369961,-0.14010875,0.055606015,1.0,0.073726654,0.29377073,0.04697843,
130_0,0.2042664594486356,0.08849362,0.07153595,-0.15328467,0.047059566,1.0,0.06409837,0.2722423,0.038945846,
122_0,0.21325523961633444,0.088358395,0.073591426,-0.1277403,0.05595761,1.0,0.07234732,0.2605315,0.048303667,
121_0,0.2230675270818174,0.093956865,0.08002831,-0.059174903,0.06815524,1.0,0.07672873,0.22063906,0.08751998,
120_0,0.21840988891385496,0.089629546,0.07407825,-0.12532575,0.04992641,1.0,0.0642336,0.30164102,0.04741116,
119_0,0.2116743436884135,0.08903454,0.07383484,-0.12808348,0.049710046,1.0,0.06431474,0.28154606,0.04673502,
118_0,0.21248381916284562,0.08873703,0.074321665,-0.08054854,0.06436884,1.0,0.0756469,0.23648787,0.04703252,
117_0,0.22156144947595893,0.08825021,0.07399711,-0.10460251,0.060771752,1.0,0.07497076,0.2729455,0.048601173,
116_0,0.18174818233773113,0.08608656,0.0702648,-0.10168721,0.05328008,1.0,0.06534248,0.19302537,0.03456444,
110_0,0.21303056795485315,0.09173911,0.077323735,-0.1151316,0.058202405,1.0,0.073348016,0.2390031,0.05879741,
111_0,0.1995129799947143,0.09092774,0.07510599,-0.098896235,0.05520033,1.0,0.067316815,0.21138942,0.0642336,
107_0,0.21386254195310175,0.090305686,0.072915286,-0.14033836,0.048790492,1.0,0.06472043,0.28168127,0.057904903,
106_0,0.21500335065834222,0.08873703,0.071833454,-0.15322386,0.04670797,1.0,0.06361155,0.3005051,0.048520036,
104_0,0.21195482296645643,0.09133343,0.07551167,-0.1108302,0.057066485,1.0,0.07129254,0.23965222,0.06463929,
105_0,0.22923804186508062,0.09352413,0.078838296,-0.08974361,0.06528839,1.0,0.078162156,0.2507139,0.079757854,
97_0,0.22705386851318182,0.09035978,0.07526826,-0.13622947,0.05538965,1.0,0.072861195,0.29425755,0.05785081,
86_0,0.20765095344409348,0.090846606,0.074754395,-0.10624316,0.055173285,1.0,0.068290465,0.24270838,0.05552488,
103_0,0.20199683790244163,0.08868294,0.07313165,-0.13803376,0.046951383,1.0,0.06198881,0.25972015,0.04835776,
92_0,0.2023563462562859,0.089332044,0.072861195,-0.1486184,0.046248194,1.0,0.062394496,0.26437202,0.044300903,
102_0,0.22113775447309017,0.091035925,0.07559281,-0.12909614,0.05355054,1.0,0.06942639,0.28078878,0.062069945,
100_0,0.2261317104827613,0.0905491,0.074943714,-0.123534694,0.052576896,1.0,0.06739795,0.304589,0.060366064,
101_0,0.21076821247413757,0.099203736,0.08554564,-0.034743205,0.06912888,1.0,0.07410529,0.16676396,0.09644507,
91_0,0.1883522597912699,0.08825021,0.07148186,-0.14693578,0.046870247,1.0,0.06301655,0.21966542,0.044544313,
99_0,0.20901053470633923,0.09008932,0.07342915,-0.14671084,0.048763447,1.0,0.0655318,0.2704032,0.049520727,
95_0,0.19230727136284112,0.088547714,0.070967995,-0.15061343,0.044003397,1.0,0.059608784,0.24105859,0.04868231,
98_0,0.21480159018412234,0.090251595,0.07529531,-0.13021667,0.0515762,1.0,0.06701931,0.27819237,0.05000755,
93_0,0.21644934716708958,0.09130638,0.074997805,-0.1271478,0.05152211,1.0,0.06653249,0.28243855,0.052306436,
88_0,0.21021506985127925,0.089332044,0.071887545,-0.1610232,0.04657274,1.0,0.06444997,0.28519723,0.046194103,
87_0,0.19785643442980944,0.08984591,0.07248255,-0.14149824,0.048817538,1.0,0.06490975,0.23448648,0.053090762,
89_0,0.21121174673363566,0.08927795,0.07421348,-0.1413736,0.04919618,1.0,0.06539657,0.28024787,0.044273857,
112_0,0.2353208417773247,0.09644507,0.08446381,-0.0322801,0.07662055,1.0,0.08173219,0.23061894,0.0838688,
114_0,0.2527216881491244,0.09820304,0.08589724,-0.0466054,0.07994717,1.0,0.08776339,0.26155925,0.0905491,
113_0,0.2409223154887557,0.096715525,0.08294925,-0.055935863,0.076458275,1.0,0.08551859,0.2520662,0.072915286,
96_0,0.21163908707275986,0.09052205,0.0744028,-0.1261409,0.050494373,1.0,0.06507202,0.26813138,0.058662184,
90_0,0.2026077487461269,0.089629546,0.073293924,-0.13170499,0.049033903,1.0,0.063909054,0.24992959,0.053361222,
94_0,0.2173225203558803,0.090062276,0.07361847,-0.1368567,0.05057551,1.0,0.06661363,0.28608972,0.05690421,
85_0,0.24746274060755968,0.11972082,0.0994517,-0.09599335,0.0732529,1.0,0.08880985,0.24151589,0.06551953,
84_0,0.22143824396282435,0.110296465,0.09316128,-0.13566484,0.057673413,1.0,0.07577809,0.23806632,0.047009017,
78_0,0.2348396273147315,0.112257995,0.09473952,-0.11664528,0.061979756,1.0,0.07834837,0.2615821,0.05181138,
79_0,0.23318747693113986,0.10781637,0.090591006,-0.124124154,0.059184015,1.0,0.07595846,0.27632737,0.04876763,
80_0,0.2423288251295686,0.10966517,0.09280054,-0.11922812,0.057628322,1.0,0.073230356,0.30820784,0.050007675,
76_0,0.21150049814470112,0.098437116,0.08200087,-0.14302482,0.04937638,1.0,0.065857716,0.26647463,0.040470593,
77_0,0.20833239250592886,0.09796364,0.081031375,-0.15048839,0.048046146,1.0,0.0650686,0.26370144,0.037855223,
75_0,0.21840025223419074,0.0969716,0.08040008,-0.15247604,0.04881272,1.0,0.066376284,0.29258326,0.039365824,
421_0,0.28006724466979505,0.109697476,0.10009624,0.061801516,0.10664131,0.0,0.09422732,0.19348516,0.18374869,
420_0,0.2880501880168915,0.11164477,0.10236809,0.065554574,0.11056294,0.0,0.096958935,0.20057113,0.18664259,
73_0,0.2547993658386171,0.102990136,0.09225298,0.0013886683,0.08776339,1.0,0.08751998,0.2172854,0.12500536,
72_0,0.21452297382876281,0.09282094,0.077675335,-0.06157884,0.062854275,1.0,0.07110322,0.21677153,0.08762816,
74_0,0.2420521455511451,0.09406505,0.079325125,-0.09685717,0.066451356,1.0,0.08070445,0.28503495,0.0784867,
71_0,0.23944544861391187,0.09985283,0.08735771,-0.019534301,0.08484245,1.0,0.08822317,0.2112542,0.08373357,
63_0,0.2658142642252147,0.11390387,0.0969716,-0.07574915,0.0751017,1.0,0.08741198,0.278582,0.10330711,
62_0,0.2621678860768676,0.109642625,0.09262017,-0.11844036,0.0677967,1.0,0.08601411,0.2992795,0.092597626,
70_0,0.2013410337537527,0.08906159,0.0724555,-0.14200002,0.046410467,1.0,0.061772443,0.26377702,0.042759296,
67_0,0.2600318012267351,0.1049079,0.08745707,-0.12122649,0.062678695,1.0,0.0799717,0.33179125,0.07999425,
66_0,0.2435679407287389,0.1040286,0.08585628,-0.13851412,0.056861747,1.0,0.075146794,0.31246907,0.064459845,
68_0,0.25884189471416175,0.102450356,0.0851348,-0.15953836,0.05582462,1.0,0.077018134,0.36022213,0.06680466,
69_0,0.255353367620334,0.10795165,0.09020772,-0.13961194,0.061483737,1.0,0.08143721,0.30859113,0.08294781,
82_0,0.2263310919865966,0.098301835,0.08069318,-0.15304384,0.050345868,1.0,0.06854073,0.2920647,0.06378346,
81_0,0.23992785194553437,0.104186416,0.08763744,-0.13868874,0.053908184,1.0,0.07126883,0.32146505,0.049759667,
83_0,0.24299172060489654,0.107681096,0.09189869,-0.07001636,0.070524804,1.0,0.08114411,0.23921618,0.098730214,
65_0,0.26716204516440634,0.112596184,0.0945366,-0.09246248,0.07424494,1.0,0.08937351,0.28642812,0.10150341,
64_0,0.229787148616463,0.10779382,0.090275355,-0.10972886,0.0629267,1.0,0.07843855,0.23930636,0.06953277,
60_0,0.2533451501451433,0.0968778,0.083544254,0.045110427,0.0896025,1.0,0.08186742,0.24278952,0.114214115,
55_0,0.244722677398473,0.096228704,0.08029877,0.017709577,0.08159696,1.0,0.07875716,0.24357384,0.10956225,
57_0,0.23928073407039047,0.095850065,0.08027172,0.03524232,0.0826247,1.0,0.07699919,0.23194417,0.10374742,
59_0,0.28304384901523594,0.10263854,0.09041387,0.10686503,0.10967043,1.0,0.08849362,0.25198507,0.147264,
258_0,0.456809775711596,0.15301682,0.15444443,0.06539325,0.20825398,0.0,0.18268895,0.25920835,0.259999,
260_0,0.5499132375150919,0.18851478,0.1950644,0.0676125,0.24935107,0.0,0.21776798,0.30128196,0.3157791,
259_0,0.52388362210989,0.17339633,0.17885865,0.07774276,0.24350043,0.0,0.20837072,0.29317906,0.2935415,
426_0,0.4789864184543491,0.16791028,0.16594248,0.10924134,0.22236235,0.0,0.17856456,0.285023,0.26202774,
425_0,0.357771643614769,0.13212427,0.123044245,0.098721944,0.15346095,0.0,0.12588352,0.22551085,0.22373982,
424_0,0.3785329082116485,0.13830882,0.1312247,0.10057632,0.16642037,0.0,0.13600367,0.23470332,0.22458316,
422_0,0.4113443624317647,0.14601138,0.14033285,0.106720045,0.18657635,0.0,0.15059356,0.24785952,0.24069108,
423_0,0.40521683909744033,0.14381868,0.1382807,0.10898529,0.18250017,0.0,0.14662984,0.24889965,0.23799238,
415_0,0.42322759003043176,0.14528048,0.1401923,0.11941881,0.19276088,0.0,0.1516337,0.2572769,0.26250565,
406_0,0.4213742305919528,0.15466975,0.15228026,0.068755984,0.1878976,0.0,0.16372167,0.24142198,0.22894046,
405_0,0.4796919288352133,0.1730547,0.17235191,0.07041282,0.21794884,0.0,0.18927506,0.26377067,0.26309597,
409_0,0.4937550008639694,0.17687787,0.18008257,0.07108565,0.22576386,0.0,0.19579694,0.26689106,0.26745328,
408_0,0.3791450585961342,0.14241311,0.13673458,0.08042319,0.16220364,0.0,0.13805582,0.21971987,0.23956662,
407_0,0.38567260846048596,0.15211159,0.14713584,0.046182387,0.17448838,0.0,0.15908325,0.20068835,0.18528321,
416_0,0.39155838233679535,0.13749358,0.1302127,0.11705383,0.17437594,0.0,0.13783093,0.24111275,0.25078312,
403_0,0.11790260390210897,0.10058312,0.08436275,-0.30686337,0.034352306,0.0,0.06476901,0.016838813,0.006578097,
402_0,0.12087057443601078,0.10212925,0.087089576,-0.34091526,0.03421175,0.0,0.06960419,0.014111992,0.0056223045,
401_0,0.12125470285797492,0.10215737,0.085684,-0.29304135,0.03584222,0.0,0.06555613,0.018806621,0.009080025,
411_0,0.4438715989008546,0.14758563,0.14275044,0.12709053,0.20555164,0.0,0.1591957,0.27613974,0.26987088,
410_0,0.4635928911745548,0.16594248,0.16448067,0.0808755,0.21170807,0.0,0.18002635,0.2801597,0.22922157,
418_0,0.5998465221762657,0.1728298,0.179183,0.10827886,0.2835612,0.0,0.22815333,0.36061496,0.38450977,
417_0,0.28085767176672816,0.1180685,0.10502475,0.03818876,0.10699255,0.0,0.09912132,0.18834738,0.16521157,
404_0,0.36122100102007393,0.14350946,0.13465431,0.036466327,0.14182276,0.0,0.13184316,0.28586635,0.14050151,
414_0,0.4579986207485199,0.15000322,0.1460395,0.12829393,0.21063983,0.0,0.16273776,0.2799348,0.29680175,
413_0,0.30790146332383156,0.11312087,0.09768763,-0.07046243,0.08306962,0.0,0.0956636,0.3599403,0.13544144,
412_0,0.39842102415412667,0.13614424,0.13074681,0.11373844,0.17080577,0.0,0.13591933,0.2908702,0.22680397,
